"RelativePath","Bytes","SHA256"
"INDE_C09.DTD","7244","59971628201DC04470487EF79C6253B6E690338E014271D717F8417E38722F10"
"INDEX_C.XML","2663","49DA15BC2F465E87B6CEEEE4AB54E8E3E55D712EF1207D614FD7990D1957F11E"
"MEET\MEET.XML","74477","C61352D2A62F88B3C51D929FFD538CF596F73DB3A33EEA72814C8898E02038B2"
"MEET\MEET05.DTD","2636","D5B8732BA5DDB753F0B2E92998A584A5B5F592AEF36ABCFE3C52B090C08EF774"
"MEET\MEET05.XSL","35514","52F2D5F2FBC2B6FEA1F51C21F3AE459165E4082E3F49029E559157896FFB4839"
"MEET\ORG\M0001_01.PDF","19656","6FB9F61C153E45E34B105FDC0E1D3008AA8A85E85B4373008A7277DEC4C7D223"
"MEET\ORG\M0002_01.PDF","19134","F3BA8B331C66E3CD57E4796C9157AFB19B3CD95BB42B4EE2D639DB3CCC4F26A8"
"MEET\ORG\M0002_02.PDF","554196","508F6D033B1B29070488DE1649F389F4BDE8930E006DD9AF7919D1D4D6DBDDF5"
"MEET\ORG\M0003_01.PDF","18931","C94F692E8DDC7B7739F76B3BC9788943C075D0D1D11C9897A6A5F6B4A432787B"
"MEET\ORG\M0003_02.PDF","86624","B5E9F45C9CE940E4B45827CA89B052E8539577764497CBE2A681B9C9EFD9230A"
"MEET\ORG\M0004_01.PDF","18869","C654DFF5A95BDB0285C33F13858040041EBFE86BC03E4E328444416BA17BEF26"
"MEET\ORG\M0004_02.PDF","194115","35B47A7E82EE2132DA0477C8B7707233F67070B272B0010A359D25426819FB48"
"MEET\ORG\M0004_03.PDF","417004","C3D792EA6547F468220A684B69B4FE8673890EB7774CFB08760512B4A08E1168"
"MEET\ORG\M0005_01.PDF","31761","CF194372BAB9C3BFA36C2889AE1A90ACC672F80D8726D639CF20289B2EB7744E"
"MEET\ORG\M0005_02.PDF","57007","27AE7A95679AC56C3F94C60A563674E198AA30E6E95F9592F04ED56A9A1C8656"
"MEET\ORG\M0006_01.PDF","17272","E87291A3EFBC983379DAF47709B9B8CE765A3B767D16FF3EBCD4608515AD249D"
"MEET\ORG\M0006_02.PDF","1661488","3762BC13582DC9179FD61A755FD27CAE1539443FAFFD5A54D40C6FCF0BC14852"
"MEET\ORG\M0006_03.PDF","2150840","BC0F481D50E80528DF7AD770860341E94CB081A9C2A29E6AF93945D2B194D915"
"MEET\ORG\M0006_04.PDF","2498355","9DDA2F831B0050D1622970E1F24460F87E3D5B48963E23942635D9485996CCB7"
"MEET\ORG\M0006_05.PDF","2347670","9DBDE39636C5E1441F6B096A768DBB63973068C5B914AEDDD759C3780EE39FFC"
"MEET\ORG\M0007_01.PDF","31760","9BC079278B9B0B90FCF5D0AF1857CE8CDC004653DB1D49E85B17FA89E4A623EF"
"MEET\ORG\M0007_02.PDF","58476","C7A7656DF3797A8F17A27D82666B17DEC4621DD4B4ED5CE1FBCD6D4E44B6CE2C"
"MEET\ORG\M0008_01.PDF","18829","5303635BB7B85B788BDF3462AF150625DD1D9D4052EE584775576C3C9771E065"
"MEET\ORG\M0008_02.PDF","249308","F5DD226E77F50677FAC4BA636F7C20B0A2025414D8BFDB7FE33CDD9AD393788A"
"MEET\ORG\M0009_01.PDF","18901","2D3AB4B215AE354C2C706B4ED8F5748E65B1D5AD0966A45AD6CBB505309AAADE"
"MEET\ORG\M0009_02.PDF","271203","EB96475F7A239BEAB8DE9AC33DEFA3B71510B6C87D76BF82E2B1B8D2CBC44E77"
"MEET\ORG\M0009_03.PDF","182909","2999AD4CE0AB1B998BC0A48A2D7F5CF6018BB47A6B19CE890C27B84BEB84921A"
"MEET\ORG\M0009_04.PDF","2223655","2A727EDD3C04CDC93F4C49BDD6C1D1906195ECBB99DD8CDB3BCC2DDEF9B36B58"
"MEET\ORG\M0009_05.PDF","137667","CB0B16DBF97BA73E62D377A308C56B4F4EEDE2EF3CF370D9DA7871E98EABB18F"
"MEET\ORG\M0009_06.PDF","380461","9084D8AB844D2ACF6CE03683C3EFB82C522AD25D2C96497F925DA639939AE747"
"MEET\ORG\M0009_07.PDF","4868396","9A3F86DD93D375D35E587D532310F8DEE15540566EA1DDEA3F07991312958A17"
"MEET\ORG\M0009_08.PDF","224393","01351B5D70314869233DA80888DC19C1871619B2A97C5C09AA088BBE22C1D3ED"
"MEET\ORG\M0009_09.PDF","243051","EE51388D11FC435AACF0319E7A1F37210DCAC3FD3D1B497DF1FF402C75059CF6"
"MEET\ORG\M0010_01.PDF","19884","82F941FB919E2F06D836D230E8D13C15A2EB7940129DE5C6CB3C65AEBD6B9DE4"
"MEET\ORG\M0010_02.PDF","324132","14404F1CD45992FEDBB91354FA1DFA885318FEC29CC7FFA692AF1770BE2DC919"
"MEET\ORG\M0010_03.PDF","59829","26A8ABC04982A38294F9C027D918D15F95B98A9F8726C2DE8617EC97F8BBA089"
"MEET\ORG\M0010_04.PDF","186662","6344877D11CEF86B75FFE7B5B8449D4B2CCD253B8EB9469D19061E43A53C241B"
"MEET\ORG\M0010_05.PDF","64485","77C60DB528BBAE22609FE11186F2446DF4F1D12D0F7CD753691C270E809B3653"
"MEET\ORG\M0011_01.PDF","19834","982202674095DC5BFEE99AD6536A63F359F78376382D8D091034672ED68BCD2B"
"MEET\ORG\M0011_02.PDF","399478","5216989EAD053CD65A37BDBDB72B17E66612BAA10E95E8AD0F672720E5D47AE1"
"MEET\ORG\M0012_01.PDF","31805","F785F813EB49D57627CFFA6DA3CD65653D88CEE8D71C6BFB2959860083D92D71"
"MEET\ORG\M0012_02.PDF","57903","78FE8EC0F4756A2AE70A4EBBDC8ADF00AF54BC441CEB44106C1E833BE61A7245"
"MEET\ORG\M0013_01.PDF","21516","7F0208E02EFB15260632F251A21C1BA574F42484644F29E6D2F3FEEEB980FF67"
"MEET\ORG\M0013_02.PDF","2290604","A10F53124DF610FD78DB1DDAD824CBDDBF89F56B57387DF4FCC0EA44085FCB18"
"MEET\ORG\M0013_03.PDF","18810","2060464146752353FF95899ECF87A2E1129199F4312652A91B8E47D22F779823"
"MEET\ORG\M0014_01.PDF","19246","A78EA702F2741BF84924FAAA23501BFF6F53FF31A6A6F01C42C33A67BFBBF11C"
"MEET\ORG\M0014_02.PDF","7335840","CD36812341893E75E9F3FEABCF1C5C03080DF912465BBA4A3E300A9465A86A3A"
"MEET\ORG\M0015_01.PDF","19381","917D21FDB779E7DC4792C3A021E441E606B24326A40DC33580D7F7CA47CDEE48"
"MEET\ORG\M0015_02.PDF","1650927","5539C8E4DCA9455AA4897EE0141B174A48A435D15517A75A4C59DA1713B12977"
"MEET\ORG\M0015_03.PDF","10256189","E05037E199A911C91A6FD205DE19CC40DD5FF39D4152246B343D2147201C11A2"
"MEET\ORG\M0015_04.PDF","975904","299AB180BC5C5A1C7EE44C3992620850AE0ACBAAF8FB4EF78BC0B89EE2C3F417"
"MEET\ORG\M0015_05.PDF","976208","9E374B33AFCF39FDC6251428820C6043E617B5529DAFE020B9102D088BD46F60"
"MEET\ORG\M0015_06.PDF","968743","FB3B4B52BA8672DE9CD589A0FF32CADADD07345F642F9D039EA8F1AFCB03040F"
"MEET\ORG\M0015_07.PDF","4960460","30D8804B833A5FA4645ACDAB50140E501D8A60B7D49A2E9A6CC57DA4ED438EB9"
"MEET\ORG\M0015_08.PDF","37773","750101DE83EC7AD300E9319F65C0E1D78E850FFF1E54CB1DB8A19887C9466A77"
"MEET\ORG\M0015_09.PDF","129839","FFBCFABA131DF02CBD2DA673534D7E05E10EC177947EEF3FA0EAFD2E431F4618"
"MEET\ORG\M0015_10.PDF","68011","8B195583F69FAB6A1AA9B3294F6E1FE83E06EE81247AFA764989E7C2292F7B3A"
"MEET\ORG\M0016_01.PDF","32558","8C27AAD17B4FE9B8179BDA8BC602A522ED1187FF8B47702C1A3BB5513E94B340"
"MEET\ORG\M0016_02.PDF","1583790","20E6F7A2D9403928A6F0E4EE749FAE5636D96D81BE8A76E3B06ADB5DD0A738DF"
"MEET\ORG\M0016_03.PDF","2544897","D9E4B5A6F12DA8938435DC3468D72183E1F3999C6EA85ADE2EA9504A78F1DDB8"
"MEET\ORG\M0016_04.PDF","2212699","5C218DFF74ABCAF0BAB1B3D9ED240825E9FCFCF7F3AE4450C78BC3B45D16FC44"
"MEET\ORG\M0016_05.PDF","1585115","0EBBE374CF0431E43DFC634FB5DAD35EAB62C61170BC2400494B64E3DA584BD2"
"MEET\ORG\M0016_06.PDF","2478631","11EFF8B443BCCC402C095AD2310B7138DA7851953DE3685357751EBF953CFF8B"
"MEET\ORG\M0017_01.PDF","17343","450FCC33B5050F6A72A03D1DBCD9BFE3AAF07CFA79A1A0465A61255BF7659830"
"MEET\ORG\M0017_02.PDF","6538059","6F539BA699CEF7BE0E97B2F6B30944141A61E7356560404109E018B2220CEF28"
"MEET\ORG\M0018_01.PDF","18918","34C194A14DC6ADDEFBB8EC5FDFDC3B25648B95061F39857C20C6CF92E9137920"
"MEET\ORG\M0018_02.PDF","3005418","BBB7857A7157E0713F2EF5660222D5E32144A9298CE1654EB37BBE56E7237287"
"MEET\ORG\M0018_03.PDF","79511","C9E57574D619C8A8E0DAD9763FB708D99609CBAD3B3E95D9E41F8AFF431D00D7"
"MEET\ORG\M0019_01.PDF","20040","9E62AC703B22E736D8971333E2B663AA19436829FD83CAEA4DFAB98A611F56BA"
"MEET\ORG\M0019_02.PDF","118735","595C2993BD29DD71F81C4AF419D055697BD6836A0663A27A687B191B5E6ACADA"
"MEET\ORG\M0019_03.PDF","1430013","657D41FBB4821DA62CB6C52B8A14AE4E206BB63FD40A0CA52566C51CEBDDB06E"
"MEET\ORG\M0019_04.PDF","2099941","6EB3809659C8125A04A74DDB77959A242B6B5E4599C75D6B7C659B745F599ECA"
"MEET\ORG\M0020_01.PDF","23672","D8DC742706AD60C7CF7F07D8900A29D83725FB40FFCA575BCC16B853E4AF45B9"
"MEET\ORG\M0020_02.PDF","1640580","1B0DC8C9CE9EED185998D14E02D992B45E4DE7ACE5D48AF6F05BCE4376C759C9"
"MEET\ORG\M0020_03.PDF","276364","80CD40CC34128694DB47FA10DF649A47F7EA76B3B3B243B4CEA000BC55151E05"
"MEET\ORG\M0021_01.PDF","31826","FE1273D824089354F72AB4C2A650B09824862DF1770FA9BB1DC34A27BA95F9A6"
"MEET\ORG\M0021_02.PDF","57653","9E555A614DDE28094248780CF38383BEE0DB2BBD6D62360E54485B887DE4D5B1"
"MEET\ORG\M0022_01.PDF","17387","19D308510D4EB0D4E7A5C4B5C04189FBA1A3E2AA3453405E98B7E2C9F09B6A2A"
"MEET\ORG\M0022_02.PDF","1598917","9782279E4294D1A6A66D2E07693FCEE74789693E690A8B4FDA12BF9BE7742384"
"MEET\ORG\M0023_01.PDF","19550","E520A3525C2B4DC979F2A09C32971EBD4A6AB7FF1566B7DE8F7EB35BC410351B"
"MEET\ORG\M0023_02.PDF","407206","E83AA967F469FA5D7A29F03F48691F5B8F5F260FE2BCF5941B0D2418E7ECEC33"
"MEET\ORG\M0023_03.PDF","88871","C89534E3EA2B6D88C3DE27FDFA01374D038A9D52AB42AE7BB2A468EA0CA2074F"
"MEET\ORG\M0023_04.PDF","82521","FD34EE999AAF971EC4C3CE31263569249DB40FD68CDDF5E96A57FA5286986616"
"MEET\ORG\M0024_01.PDF","19657","76824EF741238FE2E35BB1BAEB9BDDB422A3012F56BA4B410C632D6F3A462BE6"
"MEET\ORG\M0024_02.PDF","115998","154BFEE89F1D767C7772922EF76AAD5E7DA75557D552D0B22A541C2E286AC7F4"
"MEET\ORG\M0024_03.PDF","119326","260EA553FF8CD1F0AF0DBF1D96B96FAC4705E1D2C34F9492D3DE69F98F474B37"
"MEET\ORG\M0024_04.PDF","129053","A51F8F94A298A3085593654363DE2DC9122C3E73009428C6735BE1E1103D5569"
"MEET\ORG\M0024_05.PDF","159996","E91EE5F4A81BCF3518587995FD2B055E0E2EED4D8318EA6036237C25D8AF8FEC"
"MEET\ORG\M0024_06.PDF","296428","AA67EF0E2835CF4887B486C297DA1D3611AAB6E5023C044B1F22C5C451C03D76"
"MEET\ORG\M0025_01.PDF","19266","2F359A45642B9733A6BE19D6D234FAC42E153561422E69069534BD555EDBA42D"
"MEET\ORG\M0025_02.PDF","220133","83AFA4C18EEF81C52F980F73119932F8DE4EBCE174A2D71C7CAECD3B0D12F394"
"MEET\ORG\M0026_01.PDF","19302","5F61674C2373D07ED0B4F249E575F9C11C082C22CF1006945367A7E07A7CCCC8"
"MEET\ORG\M0026_02.PDF","177985","892844D8484C077291452F830E7F2B92AE6EE9F289FA3D5FA81703F61E621C4A"
"MEET\ORG\M0026_03.PDF","178496","ED634CBDF49D11C433EE5CA7036A5F6360B394A4922F3280B6ABB6C99B43757C"
"MEET\ORG\M0026_04.PDF","207959","191B462724CCC309F480F01DF3E2EEB048D9F75B467493FD0B81F4CC7DAD5CBF"
"MEET\ORG\M0026_05.PDF","818968","9E10732438C1448585CBB7619D52732CFA13F3CB435E8AB18B241495B04A38D6"
"MEET\ORG\M0026_06.PDF","941166","EA87EF131A024621E1AF7395800EEA9D2C5105459DF37D76E4CE28573EEC110B"
"MEET\ORG\M0026_07.PDF","1300511","A5A9E3B629D9061CC927E221C2BDF61878C6326524055BF4512C3446547BDEB9"
"MEET\ORG\M0026_08.PDF","187875","F918E8F9667D612F49E2E63D004DA6E79B57981073F8D03DE370D6BD8FE884CD"
"MEET\ORG\M0026_09.PDF","877159","73F5254FE8F46D9783F2B578FF7A43A53D5E48389CCA0FD33BBB0AAA3F404FFA"
"MEET\ORG\M0027_01.PDF","18833","046581B2E49192B993E6BA440F845CC8B762946D73C3F3DA52218CB6A9291530"
"MEET\ORG\M0027_02.PDF","194569","DEF360D8694582D61984B6C706A84960FCFF44432938E188B301819F083A32F2"
"MEET\ORG\M0027_03.PDF","435744","E42615DA4EEBF622DCC749885F6145DBA250DEED9E68C349ADA3E16D3773A974"
"MEET\ORG\M0028_01.PDF","19125","F37C18ABB21C2B1AC5A0A6DCD6C86C9FE04BBA74160D894F6A31C017F2F424CB"
"MEET\ORG\M0028_02.PDF","45680","19D6CE596FFA8520C1ABFFB3766A91702C5D72CB9ED5108E0FC1AD071BBA26C1"
"MEET\ORG\M0029_01.PDF","18841","A90892337CD711E24F001A1FEBC1230B0FE8D5ADB9B47A1B1779E2D7E79E43C1"
"MEET\ORG\M0029_02.PDF","239700","A2CD067EB559A923229795546A1037043FE4910FA368B1848C840063A5EB7AC7"
"MEET\ORG\M0029_03.PDF","312338","D597F0EAE423C4AD12912A25509B2554F5C67C4D6958BF482BE0C85751429B07"
"MEET\ORG\M0029_04.PDF","172917","D3BD556239C827690A3B45AB91822833C1B36E0D69568BE4866E5C512E5C6747"
"MEET\ORG\M0030_01.PDF","19097","03FBE743F062CCB0571F3003221ADAA88D9B0F72AAF853E7A7F0767D36D375C0"
"MEET\ORG\M0030_02.PDF","18876","3D50E413D781D2FA45754F21E2D91DDD611EFE50AD2B3B09B913F8C6A735EFD3"
"MEET\ORG\M0031_01.PDF","18832","75B50A3F22F26AF78B572E457FE8F23D25EC32A9B9B3F1476B06191CEE75EDD8"
"MEET\ORG\M0031_02.PDF","136830","A99629070E1B1CC9043C91513FB3B3B0544F9FE085F3C8639267693E56EF8D0D"
"MEET\ORG\M0032_01.PDF","31896","D202020FBCCB6D79B89BBD218CF1A7AC71A128CDA1E5E2FCD2F0EB69159021A1"
"MEET\ORG\M0032_02.PDF","115405","0C7F15D2A3CA7BEF725304871A00A2E1DDA671DEF549CE590082CCCA0ABB0C66"
"電子検査用ビューア_01.xls","157184","A7D9746A9225FCFD2B80FFD187E90544240081747157F19070893A380C03B7E7"
